 , , , , , , , , , , , , , , , , , , , , , , , , , , , , , , , , , , , , , , , , , , , , , , , , , , , , , , , , , , , , , , , , , , , , , , , , , , , , , , , , , , , , , , , , , , , , , , , , , , , , , , , , , , , , , , , , , , , , , , , , , , , , , , , , , , , , , , , , , , , , , , , , , , , , , , , , , , , , , , , , , , , , , , , , , , , , , , , , , , , , , , , , , , , , , , , , , , , , , , , , , , , , , , , ,
 , , , , , , , , , , , , , , , , , , , , , , , , , , , , , , , , , , , , , , , , , , , , , , , , , , , , , , , , , , , , , , , , , , , , , , , , , , , , , , , , , , , , , , , , , , , , , , , , , , , , , , , , , , , , , , , , , , , , , , , , , , , , , , , , , , , , , , , , , , , , , , , , , , , , , , , , , , , , , , , , , , , , , , , , , , , , , , , , , , , , , , , , , , , , , , , , , , , , ,_,o, , , , , , , , , ,
 , , , , , , , , , , , , , , , , , , , , , , , , , , , , , , , , , , , , , , , , , , , , , , , , , , , , , , , , , , , , , , , , , , , , , , , , , , , , , , , , , , , , , , , , , , , , , , , , , , , , , , , , , , , , , , , , , , , , , , , , , , , , , , , , , , , , , , , , , , , , , , , , , , , , , , , , , , , , , , , , , , , , , , , , , , , , , , , , , , , , , , , , , , , , , , , , , , , , ,\,|, , , , , , , , , ,
 , , , , , , , , , , , , , , , , , , , , , ,?, , , , , , , , , , , , , , , , , , , , , , , , , , , , , , , , , , , , , , , , , , , , , , , , , , , , , , , , , ,#,#,#,#,#,#,#,#, , , ,#,#,#,?, , , , , , , , , , , , , , ,?, , , , , , , , , , , ,#,#,#, , , , ,#,?,?,#, , , , , , , , , , , , , , , , , , , , , , , , , , , , , , , , , , , , , , , , , , , , , , , , , , , , , , , , ,T,T, , , , , , , , ,|, , , , , , , , , ,
 , , , , , , , , , , , , , , , , , , , , , , , , , , , , , , , , , , , , , , , , , , , , , , , , , , , , , , , , , , , , , , , , , , , , , , , , , , , , , , , , , , , , , , , , , , , , , , , , , , , , , , , , , , , , , , , , , , , , , , , , , , , , , , , , , , , , , , , , , , , , , , , , , , , , , , , , , , , , , , , , , , , , , , , , , , , , , , , , , , , , , , , , , , ,T,T,T, , , , , , , , ,|, , , , , , , , , ,
 , , , , , , , , , , , , , , , , , , , , , , , , , , , , , , , , , , , , , , , , , , , , , , , , , , , , , , , , , , , , , , , , , , , , , , , , , , , , , , , , , , , , , , , , , , , , , , , , , , , , , , , , , , , , , , , , , , , , , , , , , , , , , , , , , , , , , , , , , , , , , , , , , , , , , , , , , , , , , , , , , , , , , , , , , , , , , , , , , , , , , , , , , ,T,T,T,T, , , , , , , , ,|, , , , , , , , , ,
 , , , , , , , , , , , , , , , , , , , , , , , , , , , , , , , , , , , , , , , , , , , , , , , , , , , , , , , , , , , , , , , , , , , , , , , , , , , , , , , , , , , , , , , , , , , , , , , , , , , , , , , , , , , , , , , , , , , , , , , , , , , , , , , , , , , , , , , , , , , , , , , , , , , , , , , , , , , , , , , , , , , , , , , , , , , , , , , , , , , , , , , , ,T,T,T,T,T, , , , , , , , ,|, , , , ,[,=,], , ,
 , , , , , , , , , , , , , , , ,?, , , ,#,?,#,?,#, , , , , , , , , , , , , , , , , , , , , ,[,], , , , , , , , , ,[,], , , , , , , , , , , , , , , , , , ,#,?,#, , , , , , , , , , , , , , ,#, , , , , ,#,#, , , , ,?, , ,?, , ,?, , , , , ,#, , , , , , , , , , ,#,#, , , , , , ,T, , ,T, , , , , , , , , , ,T,T, , ,T, , , , , , , , , , , , ,#,#,?,#, , , , , , , , , , , , ,T,T,T,T,T,T, , , , , , , , ,|, , , , ,[,=,], , ,
 , , , , , , , , , , , , , , , , , , , , , , , , , , , , , , , , , , , , , ,[,], , , , , , ,|,|, , , , , , , , , ,|,|, , , , , , , , , , , , , , , , , , , , , , , , , , , , , , , , , , , , , , , , , , , , , , , , , , , , , , , , , , , , , , , , , , , , , , , , , , , , , ,T,T, , ,T,T, , , , , , , , ,T,T,T, , ,T,T, , , , , , , , , , , , , , , , , , , , , , , , , , ,T,T,T,T,T,T,T, , , , , , , , ,|, , , ,[,=,=,=,], ,
 , , , , , , , , , , , , , , , , , , , , , , , , , , , ,[,], , , , , , , , ,|,|, , , , , , ,|,|, , , , , , , , , ,|,|, , , , , , , , , , , , , , , , , , , , , , , , , , , , , , , , , , , , , , , , , , , , , , , , , , , , , , , , , , , , , , , , , , , , , , , , , , , , ,T,T,T, , ,T,T,T, , , , , , ,T,T,T,T, , ,T,T,T, , , , , ,[,], , , , , , , , , , , , , , ,[,], ,T,T,T,T,T,T,T,T, , , , , , , , ,|, , , ,[,=, ,=,], ,
 , , , , , , , , , , , , , , , , , , , , , , , , , , , ,|,|, , , , , , , , ,|,|, , , , , , ,|,|, , , , , , , , , ,|,|, , , , , , , , , , , , , , , , , , , , , , , , , , , , , , , , , , , , , , , , , , , , , , , , , , , , , , , , , , , , , , , , , , , , , , , , , , , ,T,T,T,T, , ,T,T,T,T, , , , ,T,T,T,T,T, , ,T,T,T,T, , , , ,|,|, , , , , , , , , , , , , , ,|,|,T,T,T,T,T,T,T,T,T, , , , , , , , ,#, , , ,[,=, ,=,], ,
#,#,#,#,#,#,#,#,#,#,#,#,#,#,#,#,#,#,#,#,#,#,#,#,#,#,#,#,#,#,#,#,#,#,#,#,#,#,#,#,#,#,#,#,#,#,#,#,#,#,#,#,#,#,#,#,#,#,#,#,#,#,#,#,#,#,#,#,#, , ,#,#,#,#,#,#,#,#,#,#,#,#,#,#,#, , , ,#,#,#,#,#,#,#,#,#,#,#,#,#,#,#,#,#,#,#,#,#,#,#,#,#,#,#,#,#,#,#,#,#,#,#,#,#,#,#,#,#,#,#,#,#,#,#,#,#,#,#,#,#,#,#,#,#,#,#,#,#,#,#,#, , ,#,#,#,#,#,#,#,#,#,#,#,#,#,#,#,#,#,#,#,#,#,#,#,#,#,#,#,#,#,#,#,#,#,#,#,#,#,#,#,#,#,#,#,#,#,#,#,#,#,#,#,#,#,
#,#,#,#,#,#,#,#,#,#,#,#,#,#,#,#,#,#,#,#,#,#,#,#,#,#,#,#,#,#,#,#,#,#,#,#,#,#,#,#,#,#,#,#,#,#,#,#,#,#,#,#,#,#,#,#,#,#,#,#,#,#,#,#,#,#,#,#,#, , ,#,#,#,#,#,#,#,#,#,#,#,#,#,#,#, , , ,#,#,#,#,#,#,#,#,#,#,#,#,#,#,#,#,#,#,#,#,#,#,#,#,#,#,#,#,#,#,#,#,#,#,#,#,#,#,#,#,#,#,#,#,#,#,#,#,#,#,#,#,#,#,#,#,#,#,#,#,#,#,#,#, , ,#,#,#,#,#,#,#,#,#,#,#,#,#,#,#,#,#,#,#,#,#,#,#,#,#,#,#,#,#,#,#,#,#,#,#,#,#,#,#,#,#,#,#,#,#,#,#,#,#,#,#,#,#,